{"name":"3c53f88e-0f18-4940-aa86-9a2eca148bb0","id":"/providers/Microsoft.Flow/flows/3c53f88e-0f18-4940-aa86-9a2eca148bb0","type":"Microsoft.Flow/flows","properties":{"apiId":"/providers/Microsoft.PowerApps/apis/shared_logicflows","displayName":"Daily Sales Reminder","definition":{"metadata":{"workflowEntityId":null,"processAdvisorMetadata":null,"flowChargedByPaygo":null,"flowclientsuspensionreason":"None","flowclientsuspensiontime":null,"flowclientsuspensionreasondetails":null,"creator":{"id":"f6615970-5c62-4bf0-bf28-2f3188d34fbe","type":"User","tenantId":"f8a46a38-2d3d-4672-ae57-34e8f266feb4"},"provisioningMethod":"FromDefinition","failureAlertSubscription":true,"clientLastModifiedTime":"2023-11-09T21:39:00.5045594Z","connectionKeySavedTimeKey":"2023-11-09T21:39:00.5045594Z"},"$schema":"https://schema.management.azure.com/providers/Microsoft.Logic/schemas/2016-06-01/workflowdefinition.json#","contentVersion":"1.0.0.0","parameters":{"$connections":{"defaultValue":{},"type":"Object"},"$authentication":{"defaultValue":{},"type":"SecureObject"}},"triggers":{"Recurrence":{"recurrence":{"frequency":"Day","interval":1,"startTime":"2023-11-09T08:00:00.000Z"},"metadata":{"operationMetadataId":"ee2d6bd0-9042-4b2f-871c-61146c732b88"},"type":"Recurrence"}},"actions":{"Get_items":{"runAfter":{},"metadata":{"operationMetadataId":"87e71844-24cf-4e19-bf2f-94de5c64ae2b"},"type":"OpenApiConnection","inputs":{"host":{"apiId":"/providers/Microsoft.PowerApps/apis/shared_sharepointonline","connectionName":"shared_sharepointonline","operationId":"GetItems"},"parameters":{"dataset":"https://nortonrosefulbrightsa-my.sharepoint.com/personal/innocent_rathogwa_nortonrosefulbright_com","table":"7091ab87-59af-446a-b1ad-7aed34957496","$filter":"DateDue ge'@{formatDateTime(utcNow(),'yyyy-MM-dd')}' and DateDue le'@{addDays(utcNow(),70,'yyyy-MM-dd')}' and Status ne 'Full Payment'"},"authentication":"@parameters('$authentication')"}},"Select_RM_Name_and_Email":{"runAfter":{"Get_items":["Succeeded"]},"metadata":{"operationMetadataId":"c211987f-1670-4a2f-8fd1-a8d68aeff10d"},"type":"Select","inputs":{"from":"@outputs('Get_items')?['body/value']","select":{"RMEmail":"@item()?['RMEmail']","RMName":"@item()?['RMName']"}}},"Distinct_Email_and_Name_of_RM":{"runAfter":{"Select_RM_Name_and_Email":["Succeeded"]},"metadata":{"operationMetadataId":"4a5f74a2-7af5-47f1-ac65-c5b447762ddc"},"type":"Compose","inputs":"@union(body('Select_RM_Name_and_Email'),body('Select_RM_Name_and_Email'))"},"Apply_to_each":{"foreach":"@outputs('Distinct_Email_and_Name_of_RM')","actions":{"Filter_array":{"runAfter":{},"metadata":{"operationMetadataId":"53a4d0a3-042e-4c22-a5ab-ab41ffaaea29"},"type":"Query","inputs":{"from":"@outputs('Get_items')?['body/value']","where":"@equals(item()?['RMEmail'], items('Apply_to_each')['RMEmail'])"}},"Select":{"runAfter":{"Filter_array":["Succeeded"]},"metadata":{"operationMetadataId":"388e3ae0-8a1d-41be-8042-31e94d80550e"},"type":"Select","inputs":{"from":"@body('Filter_array')","select":{"Customer Name":"@item()['CustomerName']","Product Name":"@item()['CustomerProduct']","Payment Due":"@item()['Amount']","Status":"@item()['Status']","RM Name":"@item()['RMName']","Day Date":"@mul(div(sub(ticks(formatDateTime(utcNow(),'yyyy-MM-dd')),ticks(item()['DateDue'])),864000000000),-1)","Due Date":"@formatDateTime(item()['DateDue'],'dd/MM/yyyy')"}}},"Create_HTML_table":{"runAfter":{"Select":["Succeeded"]},"metadata":{"operationMetadataId":"01ad98f8-7fa3-4b15-bf49-aba5467789dd"},"type":"Table","inputs":{"from":"@body('Select')","format":"HTML"}},"Style_Table":{"runAfter":{"Create_HTML_table":["Succeeded"]},"metadata":{"operationMetadataId":"7978f2ef-78c6-42cb-9de2-4ed770b40184"},"type":"Compose","inputs":"<style>\ntable {\nborder: 1px solid #1C6EA4;\nbackground-color:EEEEEE;\nwidth:100%;\ntext-align:left;\nborder-collapse:collapse;\n}\ntable td,table th{\nborder: 1px solid #AAAAAA;\npadding:3px 2px;\n}\ntable tbody td{\nfont-size: 13px;\n}\ntable thead{ \nbackground: #1C6EA4;\nborder-bottom: 2px solid #444444;\n}\ntable thead th{\nfont-size:15px\nfont-weight:bold;\ncolor:#FFFFFF;\nborder-left:2px solid #D0E4F5;\n}\n\ntable thead th:first-child {\nborder-left:none;\n}\n</style>\n\n@{body('Create_HTML_table')}\n"},"Send_an_email_(V2)":{"runAfter":{"Style_Table":["Succeeded"]},"metadata":{"operationMetadataId":"817e12a7-18c9-4805-b5fd-d991a5002cbb"},"type":"OpenApiConnection","inputs":{"host":{"apiId":"/providers/Microsoft.PowerApps/apis/shared_office365","connectionName":"shared_office365","operationId":"SendEmailV2"},"parameters":{"emailMessage/To":"@items('Apply_to_each')?['RMEmail']","emailMessage/Subject":"Sales Due in a few Days","emailMessage/Body":"<p>Hi @{items('Apply_to_each')?['RMName']},<br>\n<br>\nPlease find the items due in the next few days below for your attention.<br>\n@{outputs('Style_Table')}<br>\nRegards,<br>\nX Mission&nbsp;</p>","emailMessage/Importance":"Normal"},"authentication":"@parameters('$authentication')"}}},"runAfter":{"Distinct_Email_and_Name_of_RM":["Succeeded"]},"metadata":{"operationMetadataId":"ea379cfc-c838-4aaa-a018-c64600aa65d1"},"type":"Foreach"}}},"connectionReferences":{"shared_sharepointonline":{"connectionName":"723136ddc9564734b3f4346ed8c7bfcb","source":"Embedded","id":"/providers/Microsoft.PowerApps/apis/shared_sharepointonline","tier":"NotSpecified"},"shared_office365":{"connectionName":"shared-office365-bff1e0d4-95a6-4391-804f-3f7127ba948f","source":"Embedded","id":"/providers/Microsoft.PowerApps/apis/shared_office365","tier":"NotSpecified"}},"flowFailureAlertSubscribed":false,"isManaged":false}}